3s335:Recv Packet, 2, -1
3s735:Recv Packet, 2, -1
4s134:Recv Packet, 2, -1
4s534:Recv Packet, 2, -1
4s933:Recv Packet, 2, -1
5s333:Recv Packet, 2, -1
5s732:Recv Packet, 2, -1
6s131:Recv Packet, 2, -1
6s531:Recv Packet, 2, -1
6s930:Recv Packet, 2, -1
7s330:Recv Packet, 2, -1
7s729:Recv Packet, 2, -1
8s128:Recv Packet, 2, -1
8s528:Recv Packet, 2, -1
8s927:Recv Packet, 2, -1
9s327:Recv Packet, 2, -1
9s726:Recv Packet, 2, -1
10s125:Recv Packet, 2, -1
10s525:Recv Packet, 2, -1
10s924:Recv Packet, 2, -1
11s324:Recv Packet, 2, -1
11s723:Recv Packet, 2, -1
12s123:Recv Packet, 2, -1
12s522:Recv Packet, 2, -1
12s921:Recv Packet, 2, -1
13s321:Recv Packet, 2, -1
13s720:Recv Packet, 2, -1
14s120:Recv Packet, 2, -1
14s519:Recv Packet, 2, -1
14s918:Recv Packet, 2, -1
15s318:Recv Packet, 2, -1
15s717:Recv Packet, 2, -1
16s117:Recv Packet, 2, -1
16s516:Recv Packet, 2, -1
16s916:Recv Packet, 2, -1
17s315:Recv Packet, 2, -1
17s714:Recv Packet, 2, -1
18s114:Recv Packet, 2, -1
18s513:Recv Packet, 2, -1
18s913:Recv Packet, 2, -1
19s312:Recv Packet, 2, -1
19s711:Recv Packet, 2, -1
20s111:Recv Packet, 2, -1
20s510:Recv Packet, 2, -2
20s910:Recv Packet, 2, -2
21s309:Recv Packet, 2, -2
21s708:Recv Packet, 2, -1
22s108:Recv Packet, 2, -1
22s507:Recv Packet, 2, -2
22s907:Recv Packet, 2, -1
23s306:Recv Packet, 2, -2
23s706:Recv Packet, 2, -2
24s105:Recv Packet, 2, -1
24s504:Recv Packet, 2, -2
24s904:Recv Packet, 2, -2
25s303:Recv Packet, 2, -1
25s703:Recv Packet, 2, -1
26s102:Recv Packet, 2, -1
26s501:Recv Packet, 2, -1
26s901:Recv Packet, 2, -1
27s300:Recv Packet, 2, -1
27s700:Recv Packet, 2, -1
28s099:Recv Packet, 2, -2
28s499:Recv Packet, 2, -1
28s898:Recv Packet, 2, -1
29s297:Recv Packet, 2, -1
29s697:Recv Packet, 2, -1
30s096:Recv Packet, 2, -1
30s496:Recv Packet, 2, -1
30s895:Recv Packet, 2, -2
31s294:Recv Packet, 2, -2
31s694:Recv Packet, 2, -1
32s093:Recv Packet, 2, -1
32s493:Recv Packet, 2, -2
32s892:Recv Packet, 2, -1
33s291:Recv Packet, 2, -1
33s691:Recv Packet, 2, -2
34s090:Recv Packet, 2, -1
34s490:Recv Packet, 2, -1
34s889:Recv Packet, 2, -1
35s289:Recv Packet, 2, -1
35s688:Recv Packet, 2, -1
36s087:Recv Packet, 2, -1
36s487:Recv Packet, 2, -1
36s886:Recv Packet, 2, -1
37s286:Recv Packet, 2, -1
37s685:Recv Packet, 2, -2
38s084:Recv Packet, 2, -1
38s484:Recv Packet, 2, -1
38s883:Recv Packet, 2, -1
39s283:Recv Packet, 2, -1
39s682:Recv Packet, 2, -1
40s082:Recv Packet, 2, -1
40s481:Recv Packet, 2, -1
40s880:Recv Packet, 2, -1
41s280:Recv Packet, 2, -1
41s679:Recv Packet, 2, -1
42s079:Recv Packet, 2, -1
42s478:Recv Packet, 2, -1
42s877:Recv Packet, 2, -1
43s277:Recv Packet, 2, -1
43s676:Recv Packet, 2, -1
44s076:Recv Packet, 2, -1
44s475:Recv Packet, 2, -1
44s875:Recv Packet, 2, -1
45s274:Recv Packet, 2, -1
45s673:Recv Packet, 2, -1
46s073:Recv Packet, 2, -1
46s472:Recv Packet, 2, -2
46s872:Recv Packet, 2, -1
47s271:Recv Packet, 2, -2
47s670:Recv Packet, 2, -1
48s070:Recv Packet, 2, -1
48s469:Recv Packet, 2, -2
48s869:Recv Packet, 2, -1
49s268:Recv Packet, 2, -1
49s667:Recv Packet, 2, -2
50s067:Recv Packet, 2, -1
50s466:Recv Packet, 2, -1
50s866:Recv Packet, 2, -1
51s265:Recv Packet, 2, -1
51s665:Recv Packet, 2, -1
52s064:Recv Packet, 2, -1
52s463:Recv Packet, 2, -1
52s863:Recv Packet, 2, -1
53s262:Recv Packet, 2, -1
53s662:Recv Packet, 2, -1
54s061:Recv Packet, 2, -1
54s460:Recv Packet, 2, -1
54s860:Recv Packet, 2, -1
55s259:Recv Packet, 2, -1
55s659:Recv Packet, 2, -1
56s058:Recv Packet, 2, -1
56s458:Recv Packet, 2, -1
56s857:Recv Packet, 2, -1
57s256:Recv Packet, 2, -1
57s656:Recv Packet, 2, -1
58s055:Recv Packet, 2, -1
58s455:Recv Packet, 2, -1
58s854:Recv Packet, 2, -1
59s253:Recv Packet, 2, -1
59s653:Recv Packet, 2, -1
60s052:Recv Packet, 2, -1
60s452:Recv Packet, 2, -1
60s851:Recv Packet, 2, -1
61s250:Recv Packet, 2, -1
61s650:Recv Packet, 2, -1
