4s060:Recv Packet, 1, -53
4s459:Recv Packet, 1, -53
4s859:Recv Packet, 1, -53
5s258:Recv Packet, 1, -55
5s658:Recv Packet, 1, -54
6s057:Recv Packet, 1, -55
6s457:Recv Packet, 1, -54
6s856:Recv Packet, 1, -54
7s255:Recv Packet, 1, -55
7s655:Recv Packet, 1, -54
8s054:Recv Packet, 1, -53
8s454:Recv Packet, 1, -53
8s853:Recv Packet, 1, -53
9s252:Recv Packet, 1, -53
9s652:Recv Packet, 1, -56
10s051:Recv Packet, 1, -57
10s451:Recv Packet, 1, -53
10s850:Recv Packet, 1, -54
11s250:Recv Packet, 1, -54
11s649:Recv Packet, 1, -55
12s048:Recv Packet, 1, -54
12s448:Recv Packet, 1, -56
12s847:Recv Packet, 1, -56
13s247:Recv Packet, 1, -56
13s646:Recv Packet, 1, -56
14s045:Recv Packet, 1, -55
14s445:Recv Packet, 1, -54
14s844:Recv Packet, 1, -55
15s244:Recv Packet, 1, -54
15s643:Recv Packet, 1, -55
16s042:Recv Packet, 1, -54
16s442:Recv Packet, 1, -55
16s841:Recv Packet, 1, -55
17s241:Recv Packet, 1, -54
17s640:Recv Packet, 1, -54
18s040:Recv Packet, 1, -53
18s439:Recv Packet, 1, -54
18s838:Recv Packet, 1, -53
19s238:Recv Packet, 1, -54
19s637:Recv Packet, 1, -54
20s037:Recv Packet, 1, -53
20s436:Recv Packet, 1, -54
20s835:Recv Packet, 1, -54
21s235:Recv Packet, 1, -54
21s634:Recv Packet, 1, -54
22s034:Recv Packet, 1, -54
22s433:Recv Packet, 1, -54
22s833:Recv Packet, 1, -54
23s232:Recv Packet, 1, -54
23s631:Recv Packet, 1, -54
24s031:Recv Packet, 1, -56
24s430:Recv Packet, 1, -55
24s830:Recv Packet, 1, -55
25s229:Recv Packet, 1, -55
25s628:Recv Packet, 1, -55
26s028:Recv Packet, 1, -55
26s427:Recv Packet, 1, -55
26s827:Recv Packet, 1, -55
27s226:Recv Packet, 1, -56
27s625:Recv Packet, 1, -54
28s025:Recv Packet, 1, -54
28s424:Recv Packet, 1, -54
28s824:Recv Packet, 1, -54
29s223:Recv Packet, 1, -55
29s623:Recv Packet, 1, -54
30s022:Recv Packet, 1, -56
30s421:Recv Packet, 1, -55
30s821:Recv Packet, 1, -56
31s220:Recv Packet, 1, -55
31s620:Recv Packet, 1, -55
32s019:Recv Packet, 1, -55
32s418:Recv Packet, 1, -55
32s818:Recv Packet, 1, -54
33s217:Recv Packet, 1, -56
33s617:Recv Packet, 1, -55
34s016:Recv Packet, 1, -53
34s416:Recv Packet, 1, -54
34s815:Recv Packet, 1, -55
35s214:Recv Packet, 1, -55
35s614:Recv Packet, 1, -55
36s013:Recv Packet, 1, -55
36s413:Recv Packet, 1, -56
36s812:Recv Packet, 1, -55
37s211:Recv Packet, 1, -55
37s611:Recv Packet, 1, -55
38s010:Recv Packet, 1, -56
38s410:Recv Packet, 1, -55
38s809:Recv Packet, 1, -57
39s208:Recv Packet, 1, -54
39s608:Recv Packet, 1, -55
40s007:Recv Packet, 1, -55
40s407:Recv Packet, 1, -54
40s806:Recv Packet, 1, -53
41s206:Recv Packet, 1, -53
41s605:Recv Packet, 1, -55
42s004:Recv Packet, 1, -56
42s404:Recv Packet, 1, -56
42s803:Recv Packet, 1, -53
43s203:Recv Packet, 1, -53
43s602:Recv Packet, 1, -53
44s001:Recv Packet, 1, -54
44s401:Recv Packet, 1, -54
44s800:Recv Packet, 1, -55
45s200:Recv Packet, 1, -55
45s599:Recv Packet, 1, -54
45s999:Recv Packet, 1, -53
46s398:Recv Packet, 1, -55
46s797:Recv Packet, 1, -54
47s197:Recv Packet, 1, -55
47s596:Recv Packet, 1, -56
47s996:Recv Packet, 1, -56
48s395:Recv Packet, 1, -54
48s794:Recv Packet, 1, -56
49s194:Recv Packet, 1, -56
49s593:Recv Packet, 1, -56
49s993:Recv Packet, 1, -56
50s392:Recv Packet, 1, -55
50s791:Recv Packet, 1, -55
51s191:Recv Packet, 1, -55
51s590:Recv Packet, 1, -54
51s990:Recv Packet, 1, -56
52s389:Recv Packet, 1, -56
52s789:Recv Packet, 1, -56
53s188:Recv Packet, 1, -56
53s587:Recv Packet, 1, -56
53s987:Recv Packet, 1, -54
54s386:Recv Packet, 1, -54
54s786:Recv Packet, 1, -55
55s185:Recv Packet, 1, -54
55s584:Recv Packet, 1, -54
55s984:Recv Packet, 1, -55
56s383:Recv Packet, 1, -55
56s783:Recv Packet, 1, -55
57s182:Recv Packet, 1, -54
57s582:Recv Packet, 1, -54
57s981:Recv Packet, 1, -54
58s380:Recv Packet, 1, -54
58s780:Recv Packet, 1, -55
59s179:Recv Packet, 1, -54
59s579:Recv Packet, 1, -54
59s978:Recv Packet, 1, -54
60s377:Recv Packet, 1, -54
60s777:Recv Packet, 1, -54
61s176:Recv Packet, 1, -55
61s576:Recv Packet, 1, -55
61s975:Recv Packet, 1, -55
62s375:Recv Packet, 1, -56
62s774:Recv Packet, 1, -55
63s173:Recv Packet, 1, -55
63s573:Recv Packet, 1, -55
63s972:Recv Packet, 1, -55
64s372:Recv Packet, 1, -53
64s771:Recv Packet, 1, -54
65s170:Recv Packet, 1, -55
