3s610:Recv Packet, 2, -24
4s009:Recv Packet, 2, -24
4s409:Recv Packet, 2, -24
4s808:Recv Packet, 2, -25
5s208:Recv Packet, 2, -25
5s607:Recv Packet, 2, -25
6s006:Recv Packet, 2, -25
6s406:Recv Packet, 2, -25
6s805:Recv Packet, 2, -25
7s205:Recv Packet, 2, -25
7s604:Recv Packet, 2, -25
8s003:Recv Packet, 2, -25
8s403:Recv Packet, 2, -25
8s802:Recv Packet, 2, -25
9s202:Recv Packet, 2, -25
9s601:Recv Packet, 2, -25
10s000:Recv Packet, 2, -24
10s400:Recv Packet, 2, -23
10s799:Recv Packet, 2, -23
11s199:Recv Packet, 2, -24
11s598:Recv Packet, 2, -24
11s998:Recv Packet, 2, -24
12s397:Recv Packet, 2, -24
12s796:Recv Packet, 2, -25
13s196:Recv Packet, 2, -25
13s595:Recv Packet, 2, -25
13s995:Recv Packet, 2, -24
14s394:Recv Packet, 2, -23
14s793:Recv Packet, 2, -24
15s193:Recv Packet, 2, -25
15s592:Recv Packet, 2, -25
15s992:Recv Packet, 2, -25
16s391:Recv Packet, 2, -25
16s791:Recv Packet, 2, -25
17s190:Recv Packet, 2, -26
17s589:Recv Packet, 2, -24
17s989:Recv Packet, 2, -24
18s388:Recv Packet, 2, -25
18s788:Recv Packet, 2, -25
19s187:Recv Packet, 2, -24
19s586:Recv Packet, 2, -24
19s986:Recv Packet, 2, -24
20s385:Recv Packet, 2, -24
20s785:Recv Packet, 2, -24
21s184:Recv Packet, 2, -24
21s583:Recv Packet, 2, -25
21s983:Recv Packet, 2, -25
22s382:Recv Packet, 2, -25
22s782:Recv Packet, 2, -25
23s181:Recv Packet, 2, -25
23s581:Recv Packet, 2, -24
23s980:Recv Packet, 2, -24
24s379:Recv Packet, 2, -25
24s779:Recv Packet, 2, -25
25s178:Recv Packet, 2, -25
25s578:Recv Packet, 2, -24
25s977:Recv Packet, 2, -25
26s376:Recv Packet, 2, -24
26s776:Recv Packet, 2, -25
27s175:Recv Packet, 2, -25
27s575:Recv Packet, 2, -25
27s974:Recv Packet, 2, -25
28s374:Recv Packet, 2, -25
28s773:Recv Packet, 2, -25
29s172:Recv Packet, 2, -25
29s572:Recv Packet, 2, -25
29s971:Recv Packet, 2, -25
30s371:Recv Packet, 2, -25
30s770:Recv Packet, 2, -25
31s169:Recv Packet, 2, -25
31s569:Recv Packet, 2, -25
31s968:Recv Packet, 2, -25
32s368:Recv Packet, 2, -25
32s767:Recv Packet, 2, -24
33s166:Recv Packet, 2, -24
33s566:Recv Packet, 2, -24
33s965:Recv Packet, 2, -24
34s365:Recv Packet, 2, -25
34s764:Recv Packet, 2, -25
35s164:Recv Packet, 2, -25
35s563:Recv Packet, 2, -24
35s962:Recv Packet, 2, -24
36s362:Recv Packet, 2, -25
36s761:Recv Packet, 2, -25
37s161:Recv Packet, 2, -25
37s560:Recv Packet, 2, -25
37s959:Recv Packet, 2, -25
38s359:Recv Packet, 2, -25
38s758:Recv Packet, 2, -25
39s158:Recv Packet, 2, -25
39s557:Recv Packet, 2, -25
39s957:Recv Packet, 2, -25
40s356:Recv Packet, 2, -25
40s755:Recv Packet, 2, -25
41s155:Recv Packet, 2, -25
41s554:Recv Packet, 2, -25
41s954:Recv Packet, 2, -25
42s353:Recv Packet, 2, -24
42s752:Recv Packet, 2, -25
43s152:Recv Packet, 2, -24
43s551:Recv Packet, 2, -25
43s951:Recv Packet, 2, -25
44s350:Recv Packet, 2, -25
44s750:Recv Packet, 2, -25
45s149:Recv Packet, 2, -25
45s548:Recv Packet, 2, -24
45s948:Recv Packet, 2, -25
46s347:Recv Packet, 2, -24
46s747:Recv Packet, 2, -25
47s146:Recv Packet, 2, -24
47s545:Recv Packet, 2, -24
47s945:Recv Packet, 2, -24
48s344:Recv Packet, 2, -25
48s744:Recv Packet, 2, -23
49s143:Recv Packet, 2, -25
49s542:Recv Packet, 2, -26
49s942:Recv Packet, 2, -23
50s341:Recv Packet, 2, -26
50s741:Recv Packet, 2, -24
51s140:Recv Packet, 2, -24
51s540:Recv Packet, 2, -24
51s939:Recv Packet, 2, -23
52s338:Recv Packet, 2, -25
52s738:Recv Packet, 2, -25
